{
  "CheckOut" : {
    "transaction" : "CheckOut",
    "sampleCount" : 880,
    "errorCount" : 0,
    "errorPct" : 0.0,
    "meanResTime" : 563.7875000000003,
    "medianResTime" : 506.5,
    "minResTime" : 16.0,
    "maxResTime" : 1991.0,
    "pct1ResTime" : 797.8,
    "pct2ResTime" : 893.8499999999998,
    "pct3ResTime" : 1578.5699999999997,
    "throughput" : 14.632524110409046,
    "receivedKBytesPerSec" : 99.53562131069172,
    "sentKBytesPerSec" : 8.366221005154639
  },
  "Add to Cart" : {
    "transaction" : "Add to Cart",
    "sampleCount" : 890,
    "errorCount" : 0,
    "errorPct" : 0.0,
    "meanResTime" : 757.2191011235965,
    "medianResTime" : 784.0,
    "minResTime" : 20.0,
    "maxResTime" : 1764.0,
    "pct1ResTime" : 1075.5,
    "pct2ResTime" : 1188.4499999999998,
    "pct3ResTime" : 1470.520000000001,
    "throughput" : 14.769577988350287,
    "receivedKBytesPerSec" : 102.6106123670323,
    "sentKBytesPerSec" : 1.7740801685225442
  },
  "Total" : {
    "transaction" : "Total",
    "sampleCount" : 3570,
    "errorCount" : 0,
    "errorPct" : 0.0,
    "meanResTime" : 776.4991596638652,
    "medianResTime" : 693.0,
    "minResTime" : 11.0,
    "maxResTime" : 2201.0,
    "pct1ResTime" : 1285.9,
    "pct2ResTime" : 1395.0,
    "pct3ResTime" : 1668.3199999999997,
    "throughput" : 58.861354305782264,
    "receivedKBytesPerSec" : 460.1446699147582,
    "sentKBytesPerSec" : 13.564575656213417
  },
  "View Cart" : {
    "transaction" : "View Cart",
    "sampleCount" : 890,
    "errorCount" : 0,
    "errorPct" : 0.0,
    "meanResTime" : 595.1258426966288,
    "medianResTime" : 593.0,
    "minResTime" : 11.0,
    "maxResTime" : 1320.0,
    "pct1ResTime" : 814.4999999999999,
    "pct2ResTime" : 901.4499999999999,
    "pct3ResTime" : 1220.0,
    "throughput" : 14.888420489143163,
    "receivedKBytesPerSec" : 103.44867807763725,
    "sentKBytesPerSec" : 1.788355195473251
  },
  "Home Page" : {
    "transaction" : "Home Page",
    "sampleCount" : 910,
    "errorCount" : 0,
    "errorPct" : 0.0,
    "meanResTime" : 1178.4417582417577,
    "medianResTime" : 1186.0,
    "minResTime" : 52.0,
    "maxResTime" : 2201.0,
    "pct1ResTime" : 1479.9,
    "pct2ResTime" : 1577.4499999999998,
    "pct3ResTime" : 2090.659999999999,
    "throughput" : 15.003874626964105,
    "receivedKBytesPerSec" : 157.54058697507048,
    "sentKBytesPerSec" : 1.7436143365319614
  }
}